feature,importance
MolLogP,757
BalabanJ,631
MolWt,623
FractionCSP3,589
BertzCT,572
TPSA,558
NumRotatableBonds,175
NumHAcceptors,123
morgan_495,75
maccs_149,65
morgan_1088,58
morgan_1452,57
maccs_95,56
morgan_1057,55
maccs_97,55
morgan_875,52
maccs_112,50
maccs_104,50
maccs_91,49
morgan_1535,47
morgan_843,47
morgan_1855,47
morgan_191,46
maccs_87,46
NumHDonors,46
morgan_80,44
morgan_1160,44
morgan_544,42
morgan_1591,41
maccs_159,41
maccs_157,40
morgan_1817,40
morgan_1670,39
maccs_52,38
maccs_93,38
maccs_131,38
morgan_773,37
maccs_79,36
morgan_1780,36
morgan_271,35
morgan_112,35
maccs_132,34
morgan_1145,33
morgan_250,32
maccs_144,32
morgan_1121,32
morgan_1199,32
morgan_1661,31
maccs_94,31
morgan_1546,31
morgan_870,31
morgan_1831,31
morgan_1480,31
morgan_1524,30
morgan_1586,30
morgan_194,30
maccs_106,30
morgan_491,29
morgan_1722,29
morgan_555,29
morgan_202,29
morgan_499,28
morgan_896,28
morgan_1137,28
morgan_1920,28
morgan_1512,27
maccs_101,27
morgan_1147,27
morgan_1766,27
maccs_107,27
morgan_791,27
morgan_530,27
morgan_1759,27
morgan_741,27
maccs_150,27
morgan_1171,27
morgan_2021,26
morgan_172,26
maccs_109,26
morgan_1410,26
morgan_1589,26
morgan_377,26
morgan_1903,26
morgan_1191,26
morgan_807,26
morgan_268,26
morgan_695,26
maccs_74,26
morgan_358,25
morgan_1996,25
morgan_1325,25
morgan_1444,25
maccs_124,25
maccs_69,25
morgan_335,25
morgan_1098,25
NumAromaticRings,24
morgan_1866,24
morgan_649,24
maccs_110,24
maccs_19,24
morgan_324,23
morgan_1511,23
morgan_751,23
maccs_158,23
morgan_1188,23
maccs_133,23
morgan_1844,23
maccs_85,23
morgan_883,23
morgan_699,23
morgan_1683,23
morgan_244,23
morgan_239,23
morgan_1739,23
maccs_62,23
morgan_611,22
morgan_614,22
morgan_1154,22
maccs_82,22
morgan_541,22
morgan_446,22
morgan_366,22
morgan_678,22
morgan_419,22
morgan_1456,22
maccs_152,22
maccs_138,22
maccs_129,22
maccs_130,22
morgan_1261,22
morgan_1603,22
morgan_1399,22
morgan_806,21
maccs_92,21
morgan_275,21
maccs_115,21
morgan_1114,21
maccs_146,21
morgan_1105,21
morgan_1039,21
maccs_135,21
morgan_1832,21
morgan_1750,21
morgan_307,21
maccs_134,21
morgan_1089,21
morgan_1357,21
morgan_1868,21
morgan_1487,21
morgan_2023,21
morgan_323,20
morgan_1367,20
morgan_1926,20
morgan_739,20
morgan_29,20
maccs_86,20
morgan_1816,20
morgan_125,20
maccs_127,20
maccs_141,20
morgan_1928,20
morgan_1446,20
maccs_108,20
morgan_119,20
maccs_49,20
morgan_248,20
morgan_1768,20
morgan_486,20
morgan_183,19
morgan_1696,19
morgan_1012,19
maccs_75,19
morgan_680,19
morgan_1617,19
morgan_1840,19
morgan_1999,19
morgan_587,19
morgan_1744,19
morgan_1578,19
morgan_1403,19
morgan_1224,19
morgan_165,19
morgan_978,19
morgan_354,19
morgan_383,19
morgan_218,19
maccs_164,19
morgan_1163,18
morgan_674,18
morgan_1260,18
morgan_1019,18
morgan_2038,18
maccs_53,18
morgan_496,18
morgan_389,18
morgan_623,18
maccs_25,17
morgan_1781,17
maccs_47,17
maccs_155,17
morgan_1771,17
morgan_214,17
morgan_787,17
morgan_252,17
morgan_1381,17
morgan_464,17
morgan_1157,17
morgan_1637,17
morgan_703,17
maccs_111,17
morgan_396,17
morgan_40,17
morgan_1249,17
morgan_328,17
morgan_257,16
morgan_1612,16
morgan_1609,16
morgan_1268,16
maccs_105,16
morgan_1964,16
morgan_237,16
morgan_1416,16
morgan_1939,16
morgan_847,16
morgan_231,16
morgan_837,16
morgan_950,16
morgan_652,16
morgan_1482,16
maccs_151,16
maccs_139,16
morgan_967,16
morgan_585,16
morgan_1136,16
maccs_128,16
morgan_577,16
morgan_1905,16
morgan_1484,15
maccs_143,15
morgan_69,15
morgan_344,15
maccs_160,15
morgan_260,15
morgan_1930,15
morgan_618,15
morgan_1971,15
NumAliphaticRings,15
morgan_1472,15
morgan_371,15
morgan_1812,15
morgan_800,15
morgan_352,15
morgan_1773,15
morgan_993,15
morgan_178,15
morgan_417,15
morgan_959,15
morgan_1050,15
maccs_88,15
maccs_38,14
morgan_1754,14
morgan_1671,14
morgan_1727,14
morgan_385,14
morgan_138,14
morgan_1391,14
morgan_799,14
morgan_796,14
maccs_136,14
morgan_392,14
morgan_784,14
morgan_718,14
morgan_204,14
morgan_1349,14
morgan_732,14
morgan_737,14
morgan_11,14
maccs_120,14
morgan_1152,14
morgan_600,14
morgan_1221,14
morgan_915,14
morgan_1791,14
morgan_411,14
morgan_1937,14
morgan_934,14
morgan_90,14
morgan_1774,14
morgan_650,14
morgan_1733,14
maccs_51,14
morgan_1731,14
morgan_1409,13
morgan_560,13
morgan_1626,13
morgan_322,13
morgan_1869,13
morgan_1917,13
morgan_1570,13
morgan_710,13
morgan_601,13
morgan_602,13
morgan_1573,13
morgan_535,13
morgan_1239,13
morgan_1956,13
morgan_1243,13
morgan_1026,13
morgan_409,13
morgan_974,13
maccs_113,13
morgan_841,13
morgan_949,13
morgan_834,13
morgan_1327,13
morgan_1724,13
morgan_1985,13
morgan_1718,13
morgan_780,13
morgan_122,13
morgan_980,13
maccs_118,13
morgan_51,13
maccs_116,13
morgan_984,13
morgan_106,12
maccs_102,12
maccs_81,12
morgan_93,12
morgan_2,12
maccs_84,12
morgan_379,12
morgan_539,12
maccs_100,12
morgan_1991,12
morgan_64,12
morgan_922,12
morgan_1294,12
morgan_1417,12
maccs_126,12
morgan_1632,12
morgan_881,12
morgan_1007,12
morgan_57,12
maccs_77,12
morgan_1384,12
morgan_1028,12
morgan_1823,12
morgan_1846,12
morgan_42,12
morgan_507,12
morgan_1881,12
morgan_1961,12
morgan_1607,12
morgan_1506,12
morgan_226,12
morgan_1810,12
morgan_489,12
morgan_1955,12
morgan_310,12
morgan_469,12
morgan_114,11
morgan_1447,11
morgan_1970,11
morgan_1181,11
morgan_1164,11
morgan_1611,11
morgan_1415,11
morgan_1153,11
maccs_121,11
morgan_1287,11
morgan_1206,11
morgan_1043,11
morgan_1276,11
morgan_249,11
morgan_1323,11
morgan_1326,11
morgan_935,11
morgan_1799,11
morgan_802,11
maccs_32,11
maccs_123,11
morgan_968,11
morgan_1568,11
maccs_28,11
morgan_1910,11
morgan_1097,11
morgan_2046,11
morgan_1582,11
morgan_1238,11
maccs_90,11
morgan_1485,11
morgan_157,11
morgan_1542,10
morgan_1745,10
morgan_455,10
morgan_1741,10
morgan_908,10
morgan_926,10
morgan_1990,10
morgan_1405,10
morgan_448,10
morgan_1060,10
morgan_1308,10
morgan_1852,10
morgan_823,10
morgan_1168,10
morgan_790,10
morgan_1665,10
morgan_675,10
morgan_752,10
morgan_721,10
morgan_1040,10
morgan_1865,10
morgan_1453,10
morgan_384,10
morgan_314,10
morgan_142,10
morgan_140,10
maccs_154,10
morgan_121,10
maccs_153,10
morgan_41,10
maccs_117,10
morgan_333,10
maccs_98,10
morgan_2039,10
morgan_141,10
morgan_168,10
morgan_373,10
morgan_14,10
morgan_1148,9
morgan_503,9
morgan_516,9
morgan_1369,9
morgan_1954,9
morgan_1563,9
morgan_855,9
morgan_1911,9
morgan_474,9
morgan_1066,9
morgan_1627,9
morgan_832,9
morgan_1648,9
morgan_809,9
morgan_1309,9
morgan_546,9
morgan_548,9
morgan_591,9
morgan_1385,9
morgan_43,9
morgan_1387,9
morgan_1598,9
morgan_227,9
morgan_184,9
morgan_395,9
morgan_192,9
morgan_1898,9
morgan_1027,9
morgan_1280,9
morgan_736,9
morgan_1697,9
morgan_1235,9
morgan_2004,9
morgan_458,9
morgan_1341,9
morgan_1692,9
morgan_1017,9
morgan_412,9
morgan_309,9
morgan_1854,9
morgan_890,9
morgan_5,9
morgan_720,9
morgan_1879,9
morgan_641,9
maccs_147,9
morgan_1126,8
morgan_1858,8
morgan_1000,8
morgan_927,8
morgan_1604,8
morgan_708,8
morgan_1404,8
morgan_329,8
morgan_704,8
maccs_59,8
morgan_945,8
morgan_1943,8
morgan_211,8
morgan_233,8
maccs_22,8
morgan_94,8
morgan_312,8
morgan_107,8
morgan_102,8
morgan_222,8
maccs_72,8
morgan_196,8
morgan_300,8
morgan_1324,8
morgan_1377,8
morgan_781,8
morgan_1101,8
morgan_1874,8
morgan_1581,8
morgan_1080,8
morgan_1691,8
morgan_1081,8
morgan_1516,8
morgan_1189,8
morgan_259,8
morgan_289,8
morgan_470,8
morgan_1172,8
morgan_1419,8
morgan_1278,8
morgan_465,8
morgan_1291,8
morgan_1794,8
morgan_72,8
morgan_1789,8
morgan_1412,8
morgan_1077,7
morgan_685,7
morgan_2009,7
morgan_1978,7
morgan_571,7
morgan_1071,7
morgan_961,7
morgan_315,7
morgan_1629,7
morgan_786,7
morgan_2005,7
morgan_1095,7
morgan_575,7
morgan_692,7
morgan_479,7
maccs_56,7
morgan_473,7
morgan_425,7
morgan_656,7
morgan_1880,7
morgan_206,7
morgan_1756,7
morgan_757,7
morgan_1834,7
morgan_1825,7
maccs_43,7
morgan_1689,7
morgan_774,7
morgan_1536,7
morgan_776,7
morgan_347,7
morgan_1819,7
maccs_11,7
morgan_129,7
morgan_1496,7
morgan_992,7
morgan_878,7
morgan_1876,7
morgan_554,7
morgan_1738,7
morgan_1634,7
morgan_20,7
morgan_716,7
maccs_140,7
morgan_1847,7
morgan_814,7
morgan_1644,7
morgan_537,7
morgan_1481,7
morgan_162,7
morgan_920,7
morgan_32,7
morgan_1,7
morgan_372,7
morgan_8,7
morgan_1957,7
morgan_1594,6
morgan_1746,6
morgan_557,6
morgan_1142,6
morgan_1908,6
morgan_380,6
morgan_223,6
morgan_1062,6
morgan_727,6
morgan_1134,6
morgan_283,6
morgan_1734,6
morgan_1056,6
maccs_83,6
morgan_1274,6
morgan_407,6
morgan_440,6
morgan_1712,6
morgan_1272,6
morgan_804,6
morgan_805,6
morgan_1176,6
morgan_87,6
morgan_456,6
maccs_66,6
morgan_1316,6
morgan_203,6
maccs_36,6
morgan_1292,6
morgan_1065,6
morgan_953,6
morgan_1032,6
morgan_576,6
morgan_79,6
morgan_428,6
morgan_1726,6
morgan_1245,6
morgan_294,6
morgan_1426,6
maccs_64,6
morgan_118,6
morgan_1236,6
morgan_281,6
morgan_888,6
morgan_1599,6
morgan_987,6
morgan_1918,6
morgan_454,6
maccs_54,6
morgan_743,6
morgan_1682,6
morgan_1070,6
morgan_711,6
morgan_1069,6
morgan_195,6
morgan_1413,6
morgan_661,5
morgan_1173,5
morgan_750,5
morgan_667,5
morgan_327,5
morgan_749,5
morgan_1993,5
morgan_985,5
morgan_1528,5
morgan_9,5
morgan_1859,5
morgan_1518,5
morgan_1853,5
morgan_1708,5
morgan_207,5
morgan_255,5
morgan_1455,5
morgan_1020,5
morgan_338,5
morgan_339,5
morgan_92,5
morgan_216,5
morgan_1430,5
morgan_277,5
morgan_1790,5
morgan_62,5
morgan_788,5
morgan_1030,5
morgan_1155,5
morgan_2043,5
maccs_99,5
maccs_80,5
morgan_798,5
morgan_1150,5
morgan_916,5
morgan_398,5
morgan_1657,5
morgan_808,5
morgan_552,5
maccs_145,5
morgan_1795,5
morgan_74,5
morgan_1649,5
morgan_171,5
morgan_1946,5
morgan_1950,5
morgan_524,5
morgan_67,5
maccs_41,5
morgan_1706,5
morgan_1433,5
morgan_1162,5
morgan_638,5
morgan_635,5
maccs_42,5
morgan_909,5
morgan_1984,5
morgan_1265,5
maccs_65,5
maccs_23,5
morgan_350,5
morgan_467,5
morgan_930,4
maccs_37,4
morgan_1246,4
morgan_319,4
morgan_932,4
morgan_83,4
morgan_318,4
morgan_305,4
morgan_1572,4
morgan_1281,4
morgan_758,4
morgan_872,4
morgan_1564,4
morgan_285,4
morgan_889,4
morgan_221,4
morgan_1729,4
morgan_747,4
morgan_65,4
morgan_795,4
morgan_898,4
morgan_965,4
morgan_1758,4
maccs_148,4
morgan_1507,4
morgan_147,4
morgan_1035,4
morgan_205,4
morgan_1887,4
morgan_472,4
morgan_1362,4
morgan_99,4
morgan_1647,4
morgan_1366,4
morgan_1368,4
morgan_155,4
morgan_197,4
morgan_1375,4
morgan_1063,4
morgan_1912,4
morgan_1143,4
morgan_387,4
morgan_21,4
maccs_76,4
morgan_581,4
morgan_2042,4
morgan_574,4
morgan_1929,4
morgan_1099,4
morgan_381,4
morgan_1333,4
morgan_564,4
morgan_563,4
morgan_561,4
morgan_1211,4
morgan_378,4
morgan_45,4
morgan_1653,4
morgan_1624,4
morgan_1434,4
morgan_696,4
maccs_70,4
maccs_114,4
morgan_1856,4
morgan_1615,4
morgan_687,4
morgan_668,4
morgan_413,4
morgan_712,4
morgan_120,4
morgan_690,4
morgan_713,4
morgan_714,4
morgan_884,4
morgan_1614,4
morgan_1344,4
morgan_912,3
morgan_1457,3
morgan_526,3
morgan_1476,3
morgan_893,3
morgan_1735,3
morgan_527,3
morgan_1270,3
morgan_827,3
morgan_937,3
morgan_1185,3
morgan_2010,3
maccs_122,3
morgan_1441,3
morgan_500,3
morgan_1295,3
morgan_117,3
morgan_146,3
morgan_2026,3
morgan_1747,3
morgan_245,3
morgan_1982,3
morgan_857,3
morgan_1783,3
maccs_103,3
morgan_488,3
morgan_2029,3
morgan_1969,3
morgan_1146,3
morgan_838,3
morgan_497,3
morgan_133,3
maccs_55,3
morgan_911,3
morgan_13,3
morgan_2000,3
morgan_723,3
morgan_725,3
morgan_556,3
morgan_1501,3
morgan_1667,3
morgan_1693,3
morgan_1061,3
morgan_1058,3
morgan_56,3
morgan_693,3
morgan_740,3
morgan_61,3
morgan_1076,3
morgan_311,3
morgan_744,3
morgan_1360,3
morgan_1883,3
morgan_46,3
morgan_342,3
morgan_1353,3
morgan_298,3
morgan_109,3
morgan_1085,3
morgan_1386,3
morgan_565,3
morgan_1488,3
morgan_952,3
morgan_728,3
morgan_1389,3
morgan_593,3
morgan_50,3
morgan_960,3
morgan_1574,3
maccs_67,3
morgan_1921,3
morgan_1004,2
morgan_1623,2
morgan_1613,2
morgan_251,2
morgan_1562,2
morgan_1241,2
morgan_1182,2
morgan_1179,2
morgan_1170,2
morgan_73,2
morgan_215,2
morgan_1619,2
morgan_1701,2
morgan_1009,2
morgan_1719,2
morgan_95,2
morgan_1685,2
morgan_1120,2
morgan_938,2
maccs_89,2
maccs_57,2
morgan_1203,2
morgan_238,2
morgan_1569,2
morgan_1082,2
morgan_1141,2
maccs_96,2
morgan_1055,2
morgan_1054,2
morgan_242,2
morgan_1051,2
morgan_1197,2
morgan_1045,2
morgan_1158,2
morgan_1100,2
morgan_1717,2
morgan_219,2
morgan_1034,2
morgan_1567,2
morgan_128,2
morgan_1765,2
morgan_684,2
morgan_590,2
morgan_1915,2
morgan_607,2
morgan_1907,2
morgan_617,2
morgan_1370,2
morgan_1897,2
morgan_1891,2
morgan_647,2
morgan_1348,2
maccs_8,2
morgan_689,2
morgan_34,2
morgan_1860,2
morgan_694,2
morgan_1849,2
morgan_724,2
morgan_745,2
morgan_58,2
morgan_1313,2
morgan_1312,2
morgan_785,2
morgan_1813,2
morgan_794,2
morgan_1934,2
morgan_369,2
morgan_813,2
morgan_1972,2
morgan_3,2
morgan_2007,2
morgan_1440,2
morgan_1998,2
morgan_441,2
morgan_1459,2
morgan_1463,2
morgan_2024,2
morgan_463,2
morgan_1980,2
morgan_1977,2
morgan_487,2
morgan_558,2
morgan_1422,2
morgan_493,2
morgan_501,2
morgan_502,2
morgan_1411,2
maccs_166,2
morgan_523,2
morgan_25,2
morgan_1940,2
morgan_375,2
morgan_1483,2
morgan_797,2
morgan_1504,2
morgan_1298,2
morgan_1285,2
morgan_1550,2
morgan_850,2
morgan_818,2
morgan_835,2
morgan_1786,2
morgan_816,2
morgan_1808,2
maccs_45,2
morgan_267,2
morgan_866,1
morgan_348,1
morgan_624,1
morgan_1796,1
morgan_253,1
morgan_504,1
morgan_653,1
morgan_160,1
morgan_273,1
morgan_1549,1
morgan_2033,1
morgan_278,1
morgan_161,1
morgan_942,1
morgan_1561,1
morgan_193,1
morgan_1222,1
maccs_73,1
morgan_1279,1
morgan_1049,1
morgan_1893,1
morgan_1677,1
morgan_1631,1
morgan_1792,1
morgan_1044,1
morgan_270,1
morgan_1508,1
morgan_12,1
morgan_1033,1
maccs_71,1
morgan_637,1
morgan_901,1
morgan_345,1
morgan_940,1
morgan_39,1
morgan_1958,1
morgan_550,1
morgan_1096,1
morgan_36,1
morgan_1128,1
maccs_119,1
morgan_559,1
morgan_1125,1
morgan_175,1
morgan_549,1
morgan_1638,1
morgan_1784,1
morgan_1110,1
morgan_1208,1
morgan_1602,1
morgan_1601,1
morgan_246,1
morgan_1948,1
morgan_573,1
morgan_1489,1
morgan_1133,1
morgan_1079,1
morgan_1590,1
morgan_664,1
morgan_598,1
morgan_1075,1
morgan_360,1
morgan_1919,1
morgan_1666,1
morgan_361,1
morgan_1592,1
morgan_589,1
morgan_1083,1
morgan_586,1
morgan_1923,1
morgan_1664,1
morgan_1663,1
maccs_78,1
morgan_149,1
morgan_1600,1
morgan_826,1
morgan_1839,1
morgan_1807,1
morgan_213,1
morgan_53,1
morgan_1992,1
morgan_1707,1
morgan_1845,1
morgan_817,1
morgan_84,1
morgan_1461,1
morgan_429,1
morgan_983,1
morgan_734,1
morgan_981,1
morgan_819,1
morgan_2017,1
morgan_1989,1
morgan_753,1
morgan_445,1
morgan_1321,1
morgan_1530,1
morgan_81,1
morgan_892,1
morgan_1275,1
maccs_46,1
morgan_130,1
maccs_58,1
morgan_234,1
morgan_966,1
morgan_1539,1
morgan_262,1
maccs_24,1
morgan_2022,1
morgan_2008,1
morgan_947,1
morgan_671,1
morgan_481,1
morgan_1468,1
morgan_1257,1
morgan_679,1
morgan_944,1
morgan_682,1
morgan_812,1
morgan_1803,1
morgan_1861,1
morgan_1013,1
morgan_1296,1
morgan_811,1
morgan_997,1
morgan_1695,1
morgan_1256,1
maccs_33,1
morgan_1335,1
morgan_999,1
morgan_715,1
morgan_404,1
maccs_50,1
morgan_1700,1
morgan_1762,1
maccs_61,1
morgan_1005,1
morgan_326,1
morgan_1251,1
morgan_1554,0
maccs_165,0
morgan_1478,0
morgan_1454,0
morgan_1610,0
morgan_1458,0
morgan_1477,0
morgan_1556,0
morgan_1467,0
morgan_1471,0
morgan_1466,0
morgan_1473,0
morgan_1465,0
morgan_1474,0
morgan_1559,0
morgan_1608,0
morgan_1464,0
morgan_1560,0
morgan_1606,0
morgan_1475,0
morgan_1462,0
morgan_1469,0
morgan_1460,0
morgan_1605,0
morgan_1555,0
morgan_1557,0
morgan_1470,0
morgan_1551,0
morgan_1479,0
morgan_1519,0
morgan_1576,0
morgan_1523,0
morgan_1522,0
morgan_1577,0
morgan_1521,0
morgan_1520,0
morgan_1547,0
morgan_1575,0
morgan_1517,0
morgan_1515,0
morgan_1565,0
morgan_1579,0
morgan_1514,0
morgan_1580,0
morgan_1566,0
morgan_1525,0
maccs_163,0
morgan_1537,0
morgan_1545,0
morgan_1543,0
morgan_1541,0
morgan_1540,0
morgan_1538,0
morgan_1571,0
maccs_137,0
morgan_1526,0
morgan_1534,0
morgan_1533,0
morgan_1532,0
morgan_1531,0
morgan_1529,0
morgan_1527,0
morgan_1513,0
morgan_1510,0
morgan_1509,0
morgan_1486,0
morgan_1492,0
morgan_1491,0
morgan_1490,0
morgan_1593,0
maccs_156,0
morgan_1595,0
maccs_142,0
morgan_1583,0
morgan_1552,0
morgan_1596,0
morgan_1597,0
maccs_161,0
morgan_1553,0
maccs_162,0
morgan_1493,0
morgan_1494,0
morgan_1495,0
morgan_1497,0
maccs_125,0
morgan_1498,0
morgan_1499,0
morgan_1500,0
morgan_1588,0
morgan_1587,0
morgan_1502,0
morgan_1503,0
morgan_1585,0
morgan_1584,0
morgan_1558,0
morgan_1505,0
morgan_1548,0
morgan_1544,0
morgan_2016,0
morgan_1616,0
morgan_1878,0
maccs_5,0
morgan_1882,0
morgan_1884,0
morgan_1885,0
morgan_1886,0
morgan_1888,0
morgan_1889,0
morgan_1890,0
morgan_1892,0
morgan_1894,0
morgan_1895,0
morgan_1896,0
morgan_1899,0
morgan_1900,0
maccs_4,0
morgan_1901,0
morgan_1902,0
morgan_1904,0
maccs_3,0
morgan_1906,0
maccs_2,0
morgan_1909,0
maccs_1,0
morgan_1913,0
morgan_1914,0
maccs_0,0
morgan_2047,0
morgan_2045,0
morgan_1916,0
maccs_6,0
morgan_1877,0
morgan_1833,0
morgan_1875,0
morgan_1836,0
morgan_1837,0
maccs_20,0
morgan_1838,0
morgan_1841,0
morgan_1842,0
morgan_1843,0
maccs_18,0
maccs_17,0
morgan_1848,0
maccs_16,0
maccs_15,0
morgan_1850,0
maccs_14,0
morgan_1851,0
morgan_1857,0
maccs_13,0
maccs_12,0
morgan_1862,0
morgan_1863,0
morgan_1864,0
maccs_10,0
maccs_9,0
morgan_1867,0
maccs_7,0
morgan_1870,0
morgan_1871,0
morgan_1872,0
morgan_1873,0
morgan_1922,0
morgan_2044,0
morgan_1924,0
morgan_1925,0
morgan_2030,0
morgan_2028,0
morgan_2027,0
morgan_1973,0
morgan_1974,0
morgan_1975,0
morgan_1976,0
morgan_1979,0
morgan_1981,0
morgan_1983,0
morgan_2025,0
morgan_1986,0
morgan_1987,0
morgan_1988,0
morgan_2020,0
morgan_1994,0
morgan_2019,0
morgan_1995,0
morgan_1997,0
morgan_2001,0
morgan_2002,0
morgan_2003,0
morgan_2006,0
morgan_2011,0
morgan_2012,0
morgan_2013,0
morgan_2014,0
morgan_2018,0
morgan_2015,0
morgan_2031,0
morgan_1968,0
morgan_2032,0
morgan_1944,0
morgan_1927,0
morgan_2041,0
morgan_2040,0
morgan_1931,0
morgan_1932,0
morgan_1933,0
morgan_1935,0
morgan_1936,0
morgan_1938,0
morgan_2037,0
morgan_1941,0
morgan_2036,0
morgan_1942,0
morgan_1945,0
morgan_1967,0
morgan_1947,0
morgan_1949,0
morgan_1951,0
morgan_1952,0
morgan_1953,0
morgan_2035,0
morgan_1959,0
morgan_1960,0
morgan_2034,0
morgan_1962,0
morgan_1963,0
morgan_1965,0
morgan_1966,0
morgan_1835,0
maccs_21,0
morgan_1618,0
morgan_1675,0
morgan_1678,0
morgan_1679,0
morgan_1680,0
morgan_1681,0
morgan_1684,0
morgan_1686,0
morgan_1687,0
morgan_1688,0
morgan_1690,0
morgan_1694,0
maccs_68,0
morgan_1698,0
morgan_1699,0
morgan_1702,0
morgan_1703,0
morgan_1704,0
morgan_1705,0
morgan_1709,0
morgan_1710,0
morgan_1711,0
morgan_1713,0
morgan_1714,0
morgan_1715,0
morgan_1716,0
morgan_1720,0
morgan_1721,0
morgan_1723,0
maccs_63,0
morgan_1725,0
morgan_1676,0
morgan_1674,0
morgan_1830,0
morgan_1673,0
morgan_1620,0
morgan_1621,0
morgan_1622,0
morgan_1625,0
morgan_1628,0
morgan_1630,0
morgan_1633,0
morgan_1635,0
morgan_1636,0
morgan_1639,0
morgan_1640,0
morgan_1641,0
morgan_1642,0
morgan_1643,0
morgan_1645,0
morgan_1646,0
morgan_1650,0
morgan_1651,0
morgan_1652,0
morgan_1654,0
morgan_1655,0
morgan_1656,0
morgan_1658,0
morgan_1659,0
morgan_1660,0
morgan_1662,0
morgan_1668,0
morgan_1669,0
morgan_1672,0
morgan_1728,0
maccs_60,0
morgan_1730,0
morgan_1732,0
maccs_39,0
morgan_1797,0
morgan_1798,0
morgan_1800,0
morgan_1801,0
morgan_1802,0
morgan_1804,0
morgan_1805,0
morgan_1806,0
morgan_1809,0
maccs_35,0
maccs_34,0
morgan_1811,0
maccs_31,0
maccs_30,0
maccs_29,0
morgan_1814,0
maccs_27,0
morgan_1815,0
maccs_26,0
morgan_1818,0
morgan_1820,0
morgan_1821,0
morgan_1822,0
morgan_1824,0
morgan_1826,0
morgan_1827,0
morgan_1828,0
morgan_1829,0
maccs_40,0
morgan_1793,0
morgan_1788,0
morgan_1763,0
morgan_1737,0
morgan_1740,0
morgan_1742,0
morgan_1743,0
morgan_1748,0
morgan_1749,0
morgan_1751,0
morgan_1752,0
morgan_1753,0
morgan_1755,0
morgan_1757,0
morgan_1760,0
morgan_1761,0
morgan_1764,0
morgan_1787,0
maccs_48,0
morgan_1767,0
morgan_1769,0
morgan_1770,0
morgan_1772,0
maccs_44,0
morgan_1775,0
morgan_1776,0
morgan_1777,0
morgan_1778,0
morgan_1779,0
morgan_1782,0
morgan_1785,0
morgan_1736,0
morgan_0,0
morgan_1451,0
morgan_553,0
morgan_511,0
morgan_510,0
morgan_509,0
morgan_508,0
morgan_506,0
morgan_505,0
morgan_498,0
morgan_494,0
morgan_492,0
morgan_490,0
morgan_485,0
morgan_484,0
morgan_483,0
morgan_482,0
morgan_480,0
morgan_478,0
morgan_477,0
morgan_476,0
morgan_475,0
morgan_471,0
morgan_468,0
morgan_512,0
morgan_513,0
morgan_514,0
morgan_532,0
morgan_547,0
morgan_545,0
morgan_543,0
morgan_542,0
morgan_540,0
morgan_538,0
morgan_536,0
morgan_534,0
morgan_533,0
morgan_531,0
morgan_515,0
morgan_529,0
morgan_528,0
morgan_525,0
morgan_522,0
morgan_521,0
morgan_520,0
morgan_519,0
morgan_518,0
morgan_517,0
morgan_466,0
morgan_462,0
morgan_461,0
morgan_408,0
morgan_423,0
morgan_422,0
morgan_421,0
morgan_420,0
morgan_418,0
morgan_416,0
morgan_415,0
morgan_414,0
morgan_410,0
morgan_406,0
morgan_426,0
morgan_405,0
morgan_403,0
morgan_402,0
morgan_401,0
morgan_400,0
morgan_399,0
morgan_397,0
morgan_394,0
morgan_393,0
morgan_424,0
morgan_427,0
morgan_460,0
morgan_443,0
morgan_459,0
morgan_457,0
morgan_453,0
morgan_452,0
morgan_451,0
morgan_450,0
morgan_449,0
morgan_447,0
morgan_444,0
morgan_442,0
morgan_430,0
morgan_439,0
morgan_438,0
morgan_437,0
morgan_436,0
morgan_435,0
morgan_434,0
morgan_433,0
morgan_432,0
morgan_431,0
morgan_551,0
morgan_562,0
morgan_390,0
morgan_566,0
morgan_677,0
morgan_676,0
morgan_673,0
morgan_672,0
morgan_670,0
morgan_669,0
morgan_666,0
morgan_665,0
morgan_663,0
morgan_662,0
morgan_660,0
morgan_659,0
morgan_658,0
morgan_657,0
morgan_655,0
morgan_654,0
morgan_651,0
morgan_648,0
morgan_646,0
morgan_645,0
morgan_644,0
morgan_681,0
morgan_683,0
morgan_686,0
morgan_717,0
morgan_738,0
morgan_735,0
morgan_733,0
morgan_731,0
morgan_730,0
morgan_729,0
morgan_726,0
morgan_722,0
morgan_719,0
morgan_709,0
morgan_688,0
morgan_707,0
morgan_706,0
morgan_705,0
morgan_702,0
morgan_701,0
morgan_700,0
morgan_698,0
morgan_697,0
morgan_691,0
morgan_643,0
morgan_642,0
morgan_640,0
morgan_584,0
morgan_604,0
morgan_603,0
morgan_599,0
morgan_597,0
morgan_596,0
morgan_595,0
morgan_594,0
morgan_592,0
morgan_588,0
morgan_583,0
morgan_606,0
morgan_582,0
morgan_580,0
morgan_579,0
morgan_578,0
morgan_572,0
morgan_570,0
morgan_569,0
morgan_568,0
morgan_567,0
morgan_605,0
morgan_608,0
morgan_639,0
morgan_626,0
morgan_636,0
morgan_634,0
morgan_633,0
morgan_632,0
morgan_631,0
morgan_630,0
morgan_629,0
morgan_628,0
morgan_627,0
morgan_625,0
morgan_609,0
morgan_622,0
morgan_621,0
morgan_620,0
morgan_619,0
morgan_616,0
morgan_615,0
morgan_613,0
morgan_612,0
morgan_610,0
morgan_391,0
morgan_388,0
morgan_1450,0
morgan_181,0
morgan_137,0
morgan_136,0
morgan_135,0
morgan_134,0
morgan_132,0
morgan_131,0
morgan_127,0
morgan_126,0
morgan_124,0
morgan_123,0
morgan_116,0
morgan_115,0
morgan_113,0
morgan_111,0
morgan_110,0
morgan_108,0
morgan_105,0
morgan_104,0
morgan_103,0
morgan_101,0
morgan_100,0
morgan_139,0
morgan_143,0
morgan_144,0
morgan_164,0
morgan_179,0
morgan_177,0
morgan_176,0
morgan_174,0
morgan_173,0
morgan_170,0
morgan_169,0
morgan_167,0
morgan_166,0
morgan_163,0
morgan_145,0
morgan_159,0
morgan_158,0
morgan_156,0
morgan_154,0
morgan_153,0
morgan_152,0
morgan_151,0
morgan_150,0
morgan_148,0
morgan_98,0
morgan_97,0
morgan_96,0
morgan_23,0
morgan_37,0
morgan_35,0
morgan_33,0
morgan_31,0
morgan_30,0
morgan_28,0
morgan_27,0
morgan_26,0
morgan_24,0
morgan_22,0
morgan_44,0
morgan_19,0
morgan_18,0
morgan_17,0
morgan_16,0
morgan_15,0
morgan_10,0
morgan_7,0
morgan_6,0
morgan_4,0
morgan_38,0
morgan_47,0
morgan_91,0
morgan_71,0
morgan_89,0
morgan_88,0
morgan_86,0
morgan_85,0
morgan_82,0
morgan_78,0
morgan_77,0
morgan_76,0
morgan_75,0
morgan_70,0
morgan_48,0
morgan_68,0
morgan_66,0
morgan_63,0
morgan_60,0
morgan_59,0
morgan_55,0
morgan_54,0
morgan_52,0
morgan_49,0
morgan_180,0
morgan_182,0
morgan_386,0
morgan_185,0
morgan_332,0
morgan_331,0
morgan_330,0
morgan_325,0
morgan_321,0
morgan_320,0
morgan_317,0
morgan_316,0
morgan_313,0
morgan_308,0
morgan_306,0
morgan_304,0
morgan_303,0
morgan_302,0
morgan_301,0
morgan_299,0
morgan_297,0
morgan_296,0
morgan_295,0
morgan_293,0
morgan_292,0
morgan_334,0
morgan_336,0
morgan_337,0
morgan_362,0
morgan_382,0
morgan_376,0
morgan_374,0
morgan_370,0
morgan_368,0
morgan_367,0
morgan_365,0
morgan_364,0
morgan_363,0
morgan_359,0
morgan_340,0
morgan_357,0
morgan_356,0
morgan_355,0
morgan_353,0
morgan_351,0
morgan_349,0
morgan_346,0
morgan_343,0
morgan_341,0
morgan_291,0
morgan_290,0
morgan_288,0
morgan_209,0
morgan_230,0
morgan_229,0
morgan_228,0
morgan_225,0
morgan_224,0
morgan_220,0
morgan_217,0
morgan_212,0
morgan_210,0
morgan_208,0
morgan_235,0
morgan_201,0
morgan_200,0
morgan_199,0
morgan_198,0
morgan_190,0
morgan_189,0
morgan_188,0
morgan_187,0
morgan_186,0
morgan_232,0
morgan_236,0
morgan_287,0
morgan_266,0
morgan_286,0
morgan_284,0
morgan_282,0
morgan_280,0
morgan_279,0
morgan_276,0
morgan_274,0
morgan_272,0
morgan_269,0
morgan_265,0
morgan_240,0
morgan_264,0
morgan_263,0
morgan_261,0
morgan_258,0
morgan_256,0
morgan_254,0
morgan_247,0
morgan_243,0
morgan_241,0
morgan_742,0
morgan_746,0
morgan_748,0
morgan_1290,0
morgan_1242,0
morgan_1240,0
morgan_1237,0
morgan_1234,0
morgan_1233,0
morgan_1232,0
morgan_1231,0
morgan_1230,0
morgan_1229,0
morgan_1228,0
morgan_1227,0
morgan_1226,0
morgan_1225,0
morgan_1223,0
morgan_1220,0
morgan_1219,0
morgan_1218,0
morgan_1217,0
morgan_1216,0
morgan_1215,0
morgan_1214,0
morgan_1244,0
morgan_1247,0
morgan_1248,0
morgan_1267,0
morgan_1288,0
morgan_1286,0
morgan_1284,0
morgan_1283,0
morgan_1282,0
morgan_1277,0
morgan_1273,0
morgan_1271,0
morgan_1269,0
morgan_1266,0
morgan_1250,0
morgan_1264,0
morgan_1263,0
morgan_1262,0
morgan_1259,0
morgan_1258,0
morgan_1255,0
morgan_1254,0
morgan_1253,0
morgan_1252,0
morgan_1213,0
morgan_1212,0
morgan_1210,0
morgan_1139,0
morgan_1166,0
morgan_1165,0
morgan_1161,0
morgan_1159,0
morgan_1156,0
morgan_1151,0
morgan_1149,0
morgan_1144,0
morgan_1140,0
morgan_1138,0
morgan_1169,0
morgan_1135,0
morgan_1132,0
morgan_1131,0
morgan_1130,0
morgan_1129,0
morgan_1127,0
morgan_1124,0
morgan_1123,0
morgan_1122,0
morgan_1167,0
morgan_1174,0
morgan_1209,0
morgan_1194,0
morgan_1207,0
morgan_1205,0
morgan_1204,0
morgan_1202,0
morgan_1201,0
morgan_1200,0
morgan_1198,0
morgan_1196,0
morgan_1195,0
morgan_1193,0
morgan_1175,0
morgan_1192,0
morgan_1190,0
morgan_1187,0
morgan_1186,0
morgan_1184,0
morgan_1183,0
morgan_1180,0
morgan_1178,0
morgan_1177,0
morgan_1289,0
morgan_1293,0
morgan_754,0
morgan_1297,0
morgan_1406,0
morgan_1402,0
morgan_1401,0
morgan_1400,0
morgan_1398,0
morgan_1397,0
morgan_1396,0
morgan_1395,0
morgan_1394,0
morgan_1393,0
morgan_1392,0
morgan_1390,0
morgan_1388,0
morgan_1383,0
morgan_1382,0
morgan_1380,0
morgan_1379,0
morgan_1378,0
morgan_1376,0
morgan_1374,0
morgan_1373,0
morgan_1407,0
morgan_1408,0
morgan_1414,0
morgan_1435,0
morgan_1449,0
morgan_1448,0
morgan_1445,0
morgan_1443,0
morgan_1442,0
morgan_1439,0
morgan_1438,0
morgan_1437,0
morgan_1436,0
morgan_1432,0
morgan_1418,0
morgan_1431,0
morgan_1429,0
morgan_1428,0
morgan_1427,0
morgan_1425,0
morgan_1424,0
morgan_1423,0
morgan_1421,0
morgan_1420,0
morgan_1372,0
morgan_1371,0
morgan_1365,0
morgan_1311,0
morgan_1329,0
morgan_1328,0
morgan_1322,0
morgan_1320,0
morgan_1319,0
morgan_1318,0
morgan_1317,0
morgan_1315,0
morgan_1314,0
morgan_1310,0
morgan_1331,0
morgan_1307,0
morgan_1306,0
morgan_1305,0
morgan_1304,0
morgan_1303,0
morgan_1302,0
morgan_1301,0
morgan_1300,0
morgan_1299,0
morgan_1330,0
morgan_1332,0
morgan_1364,0
morgan_1350,0
morgan_1363,0
morgan_1361,0
morgan_1359,0
morgan_1358,0
morgan_1356,0
morgan_1355,0
morgan_1354,0
morgan_1352,0
morgan_1351,0
morgan_1347,0
morgan_1334,0
morgan_1346,0
morgan_1345,0
morgan_1343,0
morgan_1342,0
morgan_1340,0
morgan_1339,0
morgan_1338,0
morgan_1337,0
morgan_1336,0
morgan_1119,0
morgan_1118,0
morgan_1117,0
morgan_1116,0
morgan_877,0
morgan_876,0
morgan_874,0
morgan_873,0
morgan_871,0
morgan_869,0
morgan_868,0
morgan_867,0
morgan_865,0
morgan_864,0
morgan_863,0
morgan_862,0
morgan_861,0
morgan_860,0
morgan_859,0
morgan_858,0
morgan_856,0
morgan_854,0
morgan_853,0
morgan_852,0
morgan_851,0
morgan_879,0
morgan_880,0
morgan_882,0
morgan_904,0
morgan_919,0
morgan_918,0
morgan_917,0
morgan_914,0
morgan_913,0
morgan_910,0
morgan_907,0
morgan_906,0
morgan_905,0
morgan_903,0
morgan_885,0
morgan_902,0
morgan_900,0
morgan_899,0
morgan_897,0
morgan_895,0
morgan_894,0
morgan_891,0
morgan_887,0
morgan_886,0
morgan_849,0
morgan_848,0
morgan_846,0
morgan_767,0
morgan_779,0
morgan_778,0
morgan_777,0
morgan_775,0
morgan_772,0
morgan_771,0
morgan_770,0
morgan_769,0
morgan_768,0
morgan_766,0
morgan_783,0
morgan_765,0
morgan_764,0
morgan_763,0
morgan_762,0
morgan_761,0
morgan_760,0
morgan_759,0
morgan_756,0
morgan_755,0
morgan_782,0
morgan_789,0
morgan_845,0
morgan_828,0
morgan_844,0
morgan_842,0
morgan_840,0
morgan_839,0
morgan_836,0
morgan_833,0
morgan_831,0
morgan_830,0
morgan_829,0
morgan_825,0
morgan_792,0
morgan_824,0
morgan_822,0
morgan_821,0
morgan_820,0
morgan_815,0
morgan_810,0
morgan_803,0
morgan_801,0
morgan_793,0
morgan_921,0
morgan_923,0
morgan_924,0
morgan_1038,0
morgan_1064,0
morgan_1059,0
morgan_1053,0
morgan_1052,0
morgan_1048,0
morgan_1047,0
morgan_1046,0
morgan_1042,0
morgan_1041,0
morgan_1037,0
morgan_1068,0
morgan_1036,0
morgan_1031,0
morgan_1029,0
morgan_1025,0
morgan_1024,0
morgan_1023,0
morgan_1022,0
morgan_1021,0
morgan_1018,0
morgan_1067,0
morgan_1072,0
morgan_1015,0
morgan_1102,0
morgan_1115,0
morgan_1112,0
morgan_1111,0
morgan_1109,0
morgan_1108,0
morgan_1107,0
morgan_1106,0
morgan_1104,0
morgan_1103,0
morgan_1094,0
morgan_1073,0
morgan_1093,0
morgan_1092,0
morgan_1091,0
morgan_1090,0
morgan_1087,0
morgan_1086,0
morgan_1084,0
morgan_1078,0
morgan_1074,0
morgan_1016,0
morgan_1014,0
morgan_925,0
morgan_951,0
morgan_969,0
morgan_964,0
morgan_963,0
morgan_962,0
morgan_958,0
morgan_957,0
morgan_956,0
morgan_955,0
morgan_954,0
morgan_948,0
morgan_971,0
morgan_946,0
morgan_943,0
morgan_941,0
morgan_939,0
morgan_936,0
morgan_933,0
morgan_931,0
morgan_929,0
morgan_928,0
morgan_970,0
morgan_972,0
morgan_1011,0
morgan_994,0
morgan_1010,0
morgan_1008,0
morgan_1006,0
morgan_1003,0
morgan_1002,0
morgan_1001,0
morgan_998,0
morgan_996,0
morgan_995,0
morgan_991,0
morgan_973,0
morgan_990,0
morgan_989,0
morgan_988,0
morgan_986,0
morgan_982,0
morgan_979,0
morgan_977,0
morgan_976,0
morgan_975,0
morgan_1113,0
